[{"Geburtsdatum": "31.08.1918", "Titel": " - ", "Ort": "Krefeld", "Adresszusatz": " - ", "Postleitzahl": "47804", "Hausnummer": "1234", "Vorname": "Max", "id": "0", "Strasse": "Teststrasse", "Anrede": "-0", "Name": "Mustermann"}, {"Geburtsdatum": "31.08.1828", "Titel": " -1 ", "Ort": "Krefeld 1", "Adresszusatz": " - 1", "Postleitzahl": "47804 1", "Hausnummer": "1234 1", "Vorname": "Max1", "id": "1", "Strasse": "Teststrasse 1", "Anrede": "-1", "Name": "Mustermann1"}, {"Geburtsdatum": "22.03.1938", "Titel": " -2 ", "Ort": "Krefeld 2", "Adresszusatz": " - 2", "Postleitzahl": "47804 2", "Hausnummer": "1234 2", "Vorname": "Max2", "id": "2", "Strasse": "Teststrasse 2", "Anrede": "-2", "Name": "Mustermann2"}, {"Geburtsdatum": "01.07.1908", "Titel": " -3 ", "Ort": "Krefeld 3", "Adresszusatz": " - 3", "Postleitzahl": "47804 3", "Hausnummer": "1234 3", "Vorname": "Max3", "id": "3", "Strasse": "Teststrasse 3", "Anrede": "-3", "Name": "Mustermann3"}]