[{"Geburtsdatum": "31.08.1918", "Titel": " - ", "Strasse": "Teststrasse", "Ort": "Krefeld", "Adresszusatz": " - ", "Postleitzahl": "47804", "Vorname": "Max", "id": "0", "Hausnummer": "1234", "Anrede": "-0", "Name": "Mustermann"}, {"id": "1", "Anrede": "Herr", "Name": "Mustermann1", "Vorname": "Max1", "Titel": " -1 ", "Geburtsdatum": "31.08.1828", "Strasse": "Teststrasse 1", "Hausnummer": "1234 1", "Adresszusatz": " - 1", "Postleitzahl": "47804 1", "Ort": "Krefeld 1"}, {"id": "2", "Anrede": "-2", "Name": "Mustermann2", "Vorname": "Max2", "Titel": " -2 ", "Geburtsdatum": "22.03.1938", "Strasse": "Teststrasse 2", "Hausnummer": "1234 2", "Adresszusatz": " - 2", "Postleitzahl": "47804 2", "Ort": "Krefeld 2"}, {"Geburtsdatum": "01.07.1908", "Titel": " -3 ", "Strasse": "Teststrasse 3", "Ort": "Krefeld 3", "Adresszusatz": " - 3", "Postleitzahl": "47804 3", "Vorname": "Max3", "id": "3", "Hausnummer": "1234 3", "Anrede": "-3", "Name": "Mustermann3"}]