[{"Bezeichnung": "home", "Datum_Aenderung": "06.02.2018 09:35:50", "Datum_Erstellung": "02.02.2018 23:03:45", "Kategorien": "favorites kat1 kat2 kat3", "Text": "Das hier ist die Startseite.\r\nUm auf die n\u00e4chsten Seiten zu gelangen einfach auf \"Alle Themen\" klicken. [[Webklausur]]", "Titel": "Willkommen zu der Anwendung MyWiki", "id": "0"}, {"Bezeichnung": "hugo", "Datum_Aenderung": "06.02.2018 08:29:20", "Datum_Erstellung": "02.02.2018 23:03:45", "Kategorien": "favorites kat1 kat2", "Text": "Text ist ausgef\u00fcllt mit 3 themen [[NEU]] [[TEST]] [[TEST2]] [[Spieler]]", "Titel": "Thema Hugo", "id": "15"}, {"Bezeichnung": "mensch", "Datum_Aenderung": "06.02.2018 08:21:55", "Datum_Erstellung": "02.02.2018 23:26:41", "Kategorien": "kat1 human", "Text": "das ist der Text zum Thema mensch. [[Antilopen]] sind cool.", "Titel": "Titel ist noch anzugeben", "id": "16"}, {"Bezeichnung": "TEST", "Datum_Aenderung": "06.02.2018 08:15:53", "Datum_Erstellung": "05.02.2018 16:51:05", "Kategorien": "Kategorien sind noch anzugeben", "Text": "Text ist noch anzugeben [[mensch]]", "Titel": "Titel ist noch anzugeben", "id": "21"}, {"Bezeichnung": "TEST2", "Datum_Aenderung": "05.02.2018 17:20:18", "Datum_Erstellung": "05.02.2018 17:20:18", "Kategorien": "Kategorien sind noch anzugeben", "Text": "Text ist noch anzugeben", "Titel": "Titel ist noch anzugeben", "id": "22"}, {"Bezeichnung": "NEU", "Datum_Aenderung": "06.02.2018 08:05:16", "Datum_Erstellung": "06.02.2018 08:05:16", "Kategorien": "Kategorien sind noch anzugeben", "Text": "Text ist noch anzugeben", "Titel": "Titel ist noch anzugeben", "id": "24"}, {"Bezeichnung": "Webklausur", "Datum_Aenderung": "06.02.2018 09:37:28", "Datum_Erstellung": "06.02.2018 09:35:54", "Kategorien": "hn", "Text": "Ist super einfach ", "Titel": "Titel ist noch anzugeben", "id": "26"}, {"Bezeichnung": "Korrektur", "Datum_Aenderung": "06.02.2018 09:37:09", "Datum_Erstellung": "06.02.2018 09:37:09", "Kategorien": "Kategorien sind noch anzugeben", "Text": "Text ist noch anzugeben", "Titel": "Titel ist noch anzugeben", "id": "27"}]